{"timestamp": 1745388458985, "joycon": "left", "motion": {"accel": {"x": 575, "y": 165, "z": 3597}, "gyro": {"x": 14.822758395826542, "y": 7.847342680143463, "z": -4.359634822301924}}}
{"timestamp": 1745388459006, "joycon": "left", "motion": {"accel": {"x": 567, "y": 168, "z": 3578}, "gyro": {"x": 8.719269644603848, "y": 7.847342680143463, "z": -2.6157808933811544}}}
{"timestamp": 1745388459030, "joycon": "left", "motion": {"accel": {"x": 565, "y": 173, "z": 3582}, "gyro": {"x": 1.7438539289207695, "y": 7.847342680143463, "z": -1.7438539289207695}}}
{"timestamp": 1745388459048, "joycon": "left", "motion": {"accel": {"x": 563, "y": 166, "z": 3597}, "gyro": {"x": 3.487707857841539, "y": 8.719269644603848, "z": -1.7438539289207695}}}
{"timestamp": 1745388459066, "joycon": "left", "motion": {"accel": {"x": 576, "y": 159, "z": 3578}, "gyro": {"x": 0.0, "y": 8.719269644603848, "z": -0.8719269644603848}}}
