{"timestamp": 1745442521113, "joycon": "right", "motion": {"accel": {"x": 1785, "y": 1158, "z": -3766}, "gyro": {"x": -639.9943919139224, "y": -653.0732963808282, "z": -147.355656993805}}}
{"timestamp": 1745442521208, "joycon": "right", "motion": {"accel": {"x": 1633, "y": 1165, "z": -4213}, "gyro": {"x": 172.6415389631562, "y": -256.3465275513531, "z": -43.59634822301924}}}
{"timestamp": 1745442521255, "joycon": "right", "motion": {"accel": {"x": 1858, "y": 1127, "z": -4372}, "gyro": {"x": 2042.052950766221, "y": -771.6553635474405, "z": 388.8794261493316}}}
{"timestamp": 1745442521318, "joycon": "right", "motion": {"accel": {"x": 1234, "y": 767, "z": -4027}, "gyro": {"x": -1447.3987610042386, "y": 851.0007173133355, "z": 891.1093576785132}}}
{"timestamp": 1745442521413, "joycon": "right", "motion": {"accel": {"x": 2176, "y": 570, "z": -3297}, "gyro": {"x": 1254.7029018584938, "y": 601.6296054776655, "z": -3.487707857841539}}}
{"timestamp": 1745442521491, "joycon": "right", "motion": {"accel": {"x": 2121, "y": 668, "z": -3507}, "gyro": {"x": 68.01030322791001, "y": 44.46827518747962, "z": -243.26762308444734}}}
{"timestamp": 1745442521554, "joycon": "right", "motion": {"accel": {"x": 1918, "y": 717, "z": -3571}, "gyro": {"x": -107.24701662862732, "y": -180.48888164329964, "z": -178.74502771437886}}}
{"timestamp": 1745442521617, "joycon": "right", "motion": {"accel": {"x": 1620, "y": 858, "z": -3803}, "gyro": {"x": 117.71014020215195, "y": -92.42425823280078, "z": 11.335050537985001}}}
{"timestamp": 1745442521696, "joycon": "right", "motion": {"accel": {"x": 1736, "y": 832, "z": -3963}, "gyro": {"x": 412.421454189762, "y": -101.14352787740464, "z": -161.30648842517118}}}
{"timestamp": 1745442521775, "joycon": "right", "motion": {"accel": {"x": 1448, "y": 659, "z": -3909}, "gyro": {"x": 636.5066840560809, "y": 255.47460058689273, "z": 118.58206716661233}}}
{"timestamp": 1745442521838, "joycon": "right", "motion": {"accel": {"x": 1858, "y": 630, "z": -4002}, "gyro": {"x": -462.12129116400394, "y": 11.335050537985001, "z": 131.6609716335181}}}
{"timestamp": 1745442521901, "joycon": "right", "motion": {"accel": {"x": 2101, "y": 537, "z": -3681}, "gyro": {"x": 71.49801108575156, "y": 47.95598304532116, "z": -283.37626344962507}}}
{"timestamp": 1745442521979, "joycon": "right", "motion": {"accel": {"x": 1939, "y": 757, "z": -3697}, "gyro": {"x": 340.92344310401046, "y": 120.32592109553309, "z": 25.28588196935116}}}
{"timestamp": 1745442522042, "joycon": "right", "motion": {"accel": {"x": 1880, "y": 963, "z": -3649}, "gyro": {"x": 436.83540919465275, "y": 211.0063253994131, "z": 508.3334202804043}}}
{"timestamp": 1745442522120, "joycon": "right", "motion": {"accel": {"x": 2254, "y": 1043, "z": -3316}, "gyro": {"x": 782.9904140854255, "y": 16.56661232474731, "z": 826.5867623084448}}}
{"timestamp": 1745442522182, "joycon": "right", "motion": {"accel": {"x": 744, "y": 707, "z": -3890}, "gyro": {"x": 3148.5282686664495, "y": 426.3722856211281, "z": 3466.7816106944897}}}
{"timestamp": 1745442522261, "joycon": "right", "motion": {"accel": {"x": -489, "y": -97, "z": -3908}, "gyro": {"x": -2159.763090968373, "y": -237.16413433322467, "z": 4773.800130420606}}}
{"timestamp": 1745442522343, "joycon": "right", "motion": {"accel": {"x": -2217, "y": -1099, "z": -4989}, "gyro": {"x": -3949.829149005543, "y": -988.7651776980763, "z": 6951.873687642647}}}
{"timestamp": 1745442522419, "joycon": "right", "motion": {"accel": {"x": -2615, "y": -1386, "z": -1279}, "gyro": {"x": -2993.3252689925007, "y": -8881.44805999348, "z": 9544.984479947832}}}
{"timestamp": 1745442522498, "joycon": "right", "motion": {"accel": {"x": -6097, "y": 3115, "z": -6224}, "gyro": {"x": -929.4741441147702, "y": -1451.7583958265407, "z": 4459.034496250408}}}
{"timestamp": 1745442522560, "joycon": "right", "motion": {"accel": {"x": -2875, "y": -1218, "z": -5671}, "gyro": {"x": 904.188262145419, "y": 1361.0779915226606, "z": -156.07492663840887}}}
{"timestamp": 1745442522623, "joycon": "right", "motion": {"accel": {"x": -1989, "y": 3065, "z": -2473}, "gyro": {"x": 1035.849233778937, "y": 1181.4610368438214, "z": -528.3877404629932}}}
{"timestamp": 1745442522696, "joycon": "right", "motion": {"accel": {"x": -1275, "y": 2355, "z": -1405}, "gyro": {"x": 417.6530159765243, "y": -204.90283664819043, "z": -37.49285947179654}}}
{"timestamp": 1745442522764, "joycon": "right", "motion": {"accel": {"x": -1565, "y": 1445, "z": -3489}, "gyro": {"x": -258.9623084447343, "y": -778.6307792631236, "z": -224.95715683077927}}}
{"timestamp": 1745442522827, "joycon": "right", "motion": {"accel": {"x": -2427, "y": 2245, "z": -3606}, "gyro": {"x": -374.92859471796544, "y": -347.02693185523316, "z": -291.2236061297685}}}
{"timestamp": 1745442522897, "joycon": "right", "motion": {"accel": {"x": -2211, "y": 2413, "z": -3743}, "gyro": {"x": -57.547179654385396, "y": 35.74900554287578, "z": -125.5574828822954}}}
{"timestamp": 1745442522968, "joycon": "right", "motion": {"accel": {"x": -1842, "y": 1890, "z": -3004}, "gyro": {"x": 51.443690903162704, "y": -13.07890446690577, "z": -441.1950440169547}}}
{"timestamp": 1745442523031, "joycon": "right", "motion": {"accel": {"x": -2252, "y": 1921, "z": -2915}, "gyro": {"x": 534.4912292142159, "y": -395.8548418650147, "z": -174.38539289207696}}}
{"timestamp": 1745442523098, "joycon": "right", "motion": {"accel": {"x": -2281, "y": 1166, "z": -3323}, "gyro": {"x": 508.3334202804043, "y": -310.40599934789697, "z": -775.1430714052821}}}
{"timestamp": 1745442523172, "joycon": "right", "motion": {"accel": {"x": -2258, "y": -137, "z": -5176}, "gyro": {"x": 2251.3154222367134, "y": 1125.6577111183567, "z": -3287.1646560156505}}}
{"timestamp": 1745442523235, "joycon": "right", "motion": {"accel": {"x": -3315, "y": -1025, "z": -5001}, "gyro": {"x": 952.1442451907402, "y": 2968.0393870231496, "z": -5343.168438213238}}}
{"timestamp": 1745442523298, "joycon": "right", "motion": {"accel": {"x": -2245, "y": -69, "z": -4532}, "gyro": {"x": -517.0526899250082, "y": 2634.9632865992826, "z": -2099.6001304206065}}}
{"timestamp": 1745442523377, "joycon": "right", "motion": {"accel": {"x": -224, "y": -12, "z": -3566}, "gyro": {"x": -252.85881969351158, "y": 2673.3280730355395, "z": -1763.9082491033585}}}
{"timestamp": 1745442523440, "joycon": "right", "motion": {"accel": {"x": 992, "y": -207, "z": -4063}, "gyro": {"x": 126.42940984675579, "y": 2407.3903488751225, "z": -1559.005412455168}}}
{"timestamp": 1745442523519, "joycon": "right", "motion": {"accel": {"x": 1164, "y": -96, "z": -3567}, "gyro": {"x": -193.56778611020542, "y": 1362.8218454515813, "z": -1893.8253668079558}}}
{"timestamp": 1745442523584, "joycon": "right", "motion": {"accel": {"x": 1606, "y": 219, "z": -3692}, "gyro": {"x": -74.1137919791327, "y": 1917.367394848386, "z": -1238.1362895337463}}}
{"timestamp": 1745442523660, "joycon": "right", "motion": {"accel": {"x": 2464, "y": 386, "z": -3187}, "gyro": {"x": -54.05947179654385, "y": 1089.0367786110205, "z": -1442.1671992174763}}}
{"timestamp": 1745442523723, "joycon": "right", "motion": {"accel": {"x": 2656, "y": 689, "z": -2857}, "gyro": {"x": -102.88738180632541, "y": 415.0372350831431, "z": -738.5221388979459}}}
{"timestamp": 1745442523801, "joycon": "right", "motion": {"accel": {"x": 2675, "y": 840, "z": -2695}, "gyro": {"x": 227.57293772416043, "y": -194.4397130746658, "z": -74.1137919791327}}}
{"timestamp": 1745442523865, "joycon": "right", "motion": {"accel": {"x": 2506, "y": 849, "z": -3053}, "gyro": {"x": -138.6363873492012, "y": -1182.3329638082816, "z": 680.9749592435605}}}
{"timestamp": 1745442523944, "joycon": "right", "motion": {"accel": {"x": 2025, "y": 547, "z": -3430}, "gyro": {"x": -289.4797522008477, "y": -2273.113596348223, "z": 1394.2112161721552}}}
{"timestamp": 1745442524007, "joycon": "right", "motion": {"accel": {"x": 2224, "y": -239, "z": -3890}, "gyro": {"x": 157.81878056732964, "y": -1518.8967720899902, "z": 1653.1735246168896}}}
{"timestamp": 1745442524069,