{"timestamp": 1745388400793, "joycon": "left", "motion": {"accel": {"x": 559, "y": 134, "z": 3633}, "gyro": {"x": 2.6157808933811544, "y": 9.591196609064232, "z": 0.0}}}
